Date,Day of Week,Amplitude,Phase Angle,Baseline,R2,Adjusted R2,Residuals Sum,Range
2019/1/2,Wednesday,0.0991205915419638,1.126180880707058,0.4547418212293438,0.9711440539839418,0.966815662081533,0.0035852116406556,0.1982411830839276
2019/1/3,Thursday,0.1133083725682844,0.9991535780091616,0.4529114195879252,0.9751460752494072,0.9714179865368182,0.003984917181268,0.2266167451365688
2019/1/4,Friday,0.1078752676888426,0.9946467534353172,0.4474342876464053,0.9695562128046172,0.96498964472531,0.004448350286222,0.2157505353776852
2019/1/7,Monday,0.1234262606583308,1.379858638761135,0.4479548562042957,0.975410845343802,0.9717224721453722,0.0047711847370565,0.2468525213166616
2019/1/8,Tuesday,0.1340479174637565,1.239397645641746,0.4520514427707696,0.9621373312739554,0.9564579309650488,0.0087378216019632,0.268095834927513
2019/1/9,Wednesday,0.1342090332192308,1.2556816965237751,0.455720927064788,0.9648855814095328,0.9596184186209626,0.0081061063783735,0.2684180664384616
2019/1/10,Thursday,0.1371865844312096,1.1938484561082958,0.4546891261277686,0.9656663383424592,0.960516289093828,0.008249474646088,0.2743731688624192
2019/1/11,Friday,0.1229850465672593,1.1151374825943032,0.4400850114561458,0.9602776793415853,0.9543193312428228,0.0076786424024145,0.2459700931345186
2019/1/14,Monday,0.1332333295779232,1.2206253990359863,0.4620651500658805,0.9690675351051314,0.9644276653709012,0.0069951433858638,0.2664666591558464
2019/1/15,Tuesday,0.1353859634994312,1.2126580275828325,0.4541524956047265,0.969383447453234,0.9647909645712188,0.0071440349262272,0.2707719269988624
2019/1/16,Wednesday,0.1302609754539402,1.2576389049875134,0.4517734673125088,0.9620983418463316,0.9564130931232816,0.008266948787851,0.2605219509078804
2019/1/17,Thursday,0.1383549535044832,1.20477639519024,0.4528810062585192,0.967930243865302,0.9631197804450972,0.0078234891651115,0.2767099070089664
2019/1/18,Friday,0.1253230261445607,1.0753133958917982,0.4421977256789761,0.9542914441403758,0.9474351607614322,0.0092091536352718,0.2506460522891214
2019/1/22,Tuesday,0.1328442225293546,1.2251906020569412,0.4632853924078093,0.9655538082718188,0.9603868795125916,0.0077742604803238,0.2656884450587092
2019/1/23,Wednesday,0.132896332494551,1.1981293481988686,0.4585912396383418,0.9643571231097948,0.9590106915762642,0.0080495070303813,0.265792664989102
2019/1/24,Thursday,0.1356922686018312,1.1789871420999238,0.4557103586995918,0.9630706538323768,0.9575312519072332,0.0086973053620163,0.2713845372036624
2019/1/25,Friday,0.1262728336083901,1.095055074830103,0.4464514094119598,0.9547881670409328,0.9480063920970726,0.0092546535973213,0.2525456672167802
2019/1/28,Monday,0.1210022798776078,1.199952313317259,0.4520553629725202,0.9645697349254566,0.9592551951642752,0.0066325106374337,0.2420045597552156
2019/1/29,Tuesday,0.1258874660365112,1.1450447067111365,0.4539186633970531,0.9627008799179568,0.9571060119056504,0.0075491149706653,0.2517749320730224
2019/1/30,Wednesday,0.1142096240179641,1.141156082321069,0.4713945984453841,0.9603353071154762,0.9543856031827976,0.0066223338171692,0.2284192480359282
2019/1/31,Thursday,0.1143991223238552,1.106968075391032,0.4563898067041908,0.9608151244251378,0.9549373930889083,0.0065470504291025,0.2287982446477104
2019/2/1,Friday,0.1277251162888938,0.9746858589424836,0.4366240065612067,0.9442728285798178,0.9359137528667903,0.0117036759960231,0.2554502325777876
2019/2/4,Monday,0.1289555955415493,1.1641976679747938,0.449790067721744,0.9577029770110392,0.9513584235626952,0.00903987364683,0.2579111910830986
2019/2/5,Tuesday,0.1320336003771061,1.1416654080892128,0.4441202589491134,0.9578483115754856,0.9515255583118084,0.0094302822284786,0.2640672007542122
2019/2/6,Wednesday,0.1328953036385679,1.140625575686193,0.4456970857406289,0.9606149976324831,0.9547072472773556,0.0089004432108015,0.2657906072771358
2019/2/7,Thursday,0.1315936314386755,1.0803010367072534,0.4427899374716179,0.9598867340246072,0.9538697441282982,0.0088617735365752,0.263187262877351
2019/2/8,Friday,0.1289954239020744,0.9812409504570422,0.4348800969466486,0.9385085474860452,0.929284829608952,0.0132596858128876,0.2579908478041488
2019/2/11,Monday,0.1259224826950664,1.2614778085364349,0.4575842815801293,0.9565072613539568,0.9499833505570504,0.0089184259322234,0.2518449653901328
2019/2/12,Tuesday,0.1143732700965363,1.2294498773484377,0.4715414835091953,0.965264048874553,0.960053656205736,0.0058140958482828,0.2287465401930726
2019/2/13,Wednesday,0.1315466848918184,1.1355301496144607,0.4612158289208918,0.9651286429149586,0.9598979393522024,0.0076828602428967,0.2630933697836368
2019/2/14,Thursday,0.1323931806895699,1.1776822701573093,0.4523738225159062,0.9611851440387283,0.9553629156445376,0.0087187061864116,0.2647863613791398
2019/2/15,Friday,0.1154812471516888,1.030948727235704,0.4509729258106482,0.9507725176616716,0.9433883953109224,0.0084274602099223,0.2309624943033776
2019/2/19,Tuesday,0.1232288317887682,1.253746139220555,0.4588535106146452,0.966087450408168,0.9610005679693934,0.0065912731211797,0.2464576635775364
2019/2/20,Wednesday,0.1086964584020134,1.1374169785734471,0.4689243704699222,0.96734569798776,0.962447552685924,0.0049013729418713,0.2173929168040268
2019/2/21,Thursday,0.1281433261712021,1.1752027982953823,0.4526449285786036,0.9739231057295772,0.9700115715890136,0.0054149396745012,0.2562866523424042
2019/2/22,Friday,0.120870033301799,1.038104773726621,0.4410337723533682,0.9521575848209948,0.944981222544144,0.0089639334760808,0.241740066603598
2019/2/25,Monday,0.1296961192651879,1.2093916281789396,0.4575181251646316,0.9624309589359964,0.956795602776396,0.008101724733734,0.2593922385303758
2019/2/26,Tuesday,0.1372793291924856,1.2230887025619337,0.4489591517889419,0.9652689913867918,0.9600593400948104,0.00837226700258,0.2745586583849712
2019/2/27,Wednesday,0.1392884153969371,1.1531822843017727,0.4488923164665913,0.96110056788743,0.9552656530705445,0.0096590397226557,0.2785768307938742
2019/2/28,Thursday,0.1342029861267978,1.1637629778984315,0.4402871254243539,0.9606039258273243,0.9546945147014232,0.0090912851346458,0.2684059722535956
2019/3/1,Friday,0.1251941231297547,1.022602092535876,0.4300652346911287,0.950591656578117,0.9431804050648344,0.0099372173939535,0.2503882462595094
2019/3/4,Monday,0.1141531779315475,1.1556469185293858,0.4590889864393362,0.962641677736704,0.9570379293972096,0.006221425936574,0.228306355863095
2019/3/5,Tuesday,0.133062987513365,1.159459901928783,0.4439957536468884,0.9613459519155436,0.955547844702875,0.0087602381341769,0.26612597502673
2019/3/6,Wednesday,0.1294439851304015,1.248029707032542,0.44688234988084,0.9625202424631668,0.9568982788326416,0.0080655948511561,0.258887970260803
2019/3/7,Thursday,0.1302880885078991,1.2348599924432933,0.4381931140956481,0.9659673198663452,0.9608624178462972,0.00738851941904,0.2605761770157982
2019/3/8,Friday,0.1284150353824874,0.967876351661874,0.4258737982839039,0.941558804341548,0.9327926249927804,0.0124361599201668,0.2568300707649748
2019/3/11,Monday,0.1160990567283035,1.176467855533562,0.4467794817632586,0.9582077131064656,0.9519388700724354,0.0072409352274072,0.232198113456607
2019/3/12,Tuesday,0.1289371320649557,1.0739712022934278,0.4323505749439561,0.9627015650560996,0.9571067998145144,0.007884210954487,0.2578742641299114
2019/3/13,Wednesday,0.1088268095806414,1.105179295458937,0.430827487095263,0.9426373401241916,0.9340329411428204,0.0088395358558628,0.2176536191612828
2019/3/14,Thursday,0.1084888718741852,1.1874515120504332,0.4276034687166577,0.9540403332658088,0.94714638325568,0.0069878190715778,0.2169777437483704
2019/3/15,Friday,0.1154642628302387,0.951244324940215,0.4301938962956018,0.926243794436099,0.915180363601514,0.0128829557843873,0.2309285256604774
2019/3/18,Monday,0.1181919163401126,1.194398961147633,0.4446218234999915,0.9522312559245156,0.945065944313193,0.0086397192455754,0.2363838326802252
2019/3/19,Tuesday,0.1193525756752944,1.18533435755044,0.4417161765318541,0.944930392620362,0.9366699515134164,0.0102302717190456,0.2387051513505888
2019/3/20,Wednesday,0.1134155041160179,1.1603925018328176,0.4191366066998925,0.946177097591927,0.938103662230716,0.0090042745269501,0.2268310082320358
2019/3/21,Thursday,0.1053735629677744,1.3772181847595135,0.4130510855566878,0.959654502177966,0.953602677504661,0.0057991640414461,0.2107471259355488
2019/3/22,Friday,0.1155360480963597,1.0167791991366462,0.4254262434752487,0.9279296337955586,0.9171190788648924,0.0126412498435918,0.2310720961927194
2019/3/25,Monday,0.1177550190118506,1.2055642652745957,0.4431088099576595,0.9493842939898884,0.9417919380883716,0.0091196742566459,0.2355100380237012
2019/3/26,Tuesday,0.1295686159460495,1.116692593904041,0.4318389151376022,0.957083064902057,0.9506455246373656,0.0092397958910947,0.259137231892099
2019/3/27,Wednesday,0.1274620743316287,1.1565418628187505,0.4286201679334885,0.9546136489087236,0.9478056962450322,0.0095032715841939,0.2549241486632574
2019/3/28,Thursday,0.1253147890530326,1.1319012710667566,0.4270347608439253,0.9554969337408676,0.9488214738019976,0.0089856703166476,0.2506295781060652
2019/3/29,Friday,0.1191722826472999,0.994567735026972,0.4196057646579272,0.9305723275429054,0.9201581766743412,0.0128991187585284,0.2383445652945998
2019/4/1,Monday,0.1220910296582123,1.1817250292470851,0.4344644335570532,0.951715569284458,0.9444729046771267,0.0093173756446314,0.2441820593164246
2019/4/2,Tuesday,0.1220245690861067,1.1684956344260575,0.4307611733689263,0.9551299765619063,0.9483994730461924,0.0086118516174781,0.2440491381722134
2019/4/3,Wednesday,0.1233058610872968,1.2007609316801855,0.4217305075688365,0.9555541656533598,0.9488872905013638,0.0087219117906882,0.2466117221745936
2019/4/4,Thursday,0.1231966691099751,1.137251491894717,0.4312590273995614,0.9501341412889812,0.9426542624823284,0.0097890443715637,0.2463933382199502
2019/4/5,Friday,0.1195197191596668,0.9641565033955266,0.4232350172969625,0.9193436538347348,0.9072452019099452,0.0152231132326105,0.2390394383193336
2019/4/8,Monday,0.1271522274479899,1.146902454495615,0.4361952080209296,0.9473442707988068,0.9394459114186278,0.0110498609294623,0.2543044548959798
2019/4/9,Tuesday,0.1273694369492585,1.16867133,0.4324999292750517,0.949940823587112,0.9424319471251787,0.0105251922298003,0.254738873898517
2019/4/10,Wednesday,0.1279150832520047,1.1714179387023662,0.4385069702844495,0.9451935472129248,0.9369725792948636,0.0116824408834171,0.2558301665040094
2019/4/11,Thursday,0.1271933778931994,1.1246637079572046,0.4422442221031812,0.9455386990404484,0.9373695038965156,0.0114428206399677,0.2543867557863988
2019/4/12,Friday,0.1210693534236161,1.0348327410556837,0.4290764065622623,0.9246695738844206,0.9133700099670836,0.0145784587581229,0.2421387068472322
2019/4/15,Monday,0.1188181433129059,1.170054747124239,0.4529485332717485,0.9433222535496232,0.9348205915820668,0.0104439332646646,0.2376362866258118
2019/4/16,Tuesday,0.1290305790871821,1.127431855570267,0.4510761539100997,0.9534339522719868,0.9464490451127848,0.009986937043715,0.2580611581743642
2019/4/17,Wednesday,0.1288554418406336,1.1982028495661792,0.4481892887975627,0.9570568345571584,0.9506153597407322,0.0091869630407949,0.2577108836812672
2019/4/18,Thursday,0.1295607240164754,1.0266473390366753,0.4448011280277518,0.9403741423932837,0.931430263752276,0.0129865505550177,0.2591214480329508
2019/4/19,Friday,0.0968391705948932,0.7640043807331484,0.4551531988318458,0.9337507477942866,0.9238133599634296,0.0079567376877788,0.1936783411897864
2019/4/22,Monday,0.104216301614845,1.2078001237864109,0.4361530071024586,0.956745259320146,0.950257048218168,0.0060580956273086,0.20843260322969
2019/4/23,Tuesday,0.1313697400928446,1.1615943822843762,0.4245955851736192,0.9533526632629856,0.9463555627524336,0.0103920888186215,0.2627394801856892
2019/4/24,Wednesday,0.125710620548772,1.1620258726671284,0.4243907087971244,0.9485238630895508,0.9408024425529832,0.0105548283669255,0.251421241097544
2019/4/25,Thursday,0.1215790407143646,1.09522671266216,0.4155623741299983,0.9445862176989972,0.9362741503538468,0.0106290289230665,0.2431580814287292
2019/4/26,Friday,0.1008816302012099,0.9954712501749248,0.4037571058506679,0.8842546979218048,0.8668929026100756,0.0162183044422028,0.2017632604024198
2019/4/29,Monday,0.1202716470579683,1.2035554003327036,0.4257051925537568,0.9305645682462588,0.9201492534831978,0.0133135243063065,0.2405432941159366
2019/4/30,Tuesday,0.1358720366806925,1.1624142414162897,0.414251246770739,0.9501751746713314,0.942701450872031,0.0119141044620355,0.271744073361385
2019/5/1,Wednesday,0.1250590158219688,1.142156680630919,0.4132838539319711,0.9391852161738752,0.9300629985999566,0.0124491021749493,0.2501180316439376
2019/5/2,Thursday,0.1284454632812809,1.142622507022833,0.4224558829907206,0.9373442409503074,0.9279458770928536,0.0135569327143622,0.2568909265625618
2019/5/3,Friday,0.111236616064729,1.0406831393932632,0.4128226106633523,0.9081734671064888,0.8943994871724622,0.0152801903372593,0.222473232129458
2019/5/6,Monday,0.1214307498048741,1.181095803819317,0.4357511765499697,0.930919384046736,0.9205572916537464,0.0134807080160006,0.2428614996097482
2019/5/7,Tuesday,0.1387570265944413,1.1770983012228593,0.4265190429157812,0.9535744769541548,0.946610648497278,0.0115459072943247,0.2775140531888826
2019/5/8,Wednesday,0.1195408556023804,1.2008866258523188,0.4270762071131105,0.939828954390364,0.9308032975489188,0.0112834735291461,0.2390817112047608
2019/5/9,Thursday,0.1207035513278749,1.1872715090769217,0.4239613425095394,0.9387141508649328,0.9295212734946728,0.0117225974292543,0.2414071026557498
2019/5/10,Friday,0.107688903612539,1.0332482995151016,0.4128497808680206,0.8970280787948387,0.8815822906140645,0.0162504922658546,0.215377807225078
2019/5/13,Monday,0.1132719713592894,1.2442449327959744,0.432098262033235,0.938662942697166,0.929462384101741,0.0103625557708315,0.2265439427185788
2019/5/14,Tuesday,0.1221048620355672,1.2277929550148696,0.4289758587141117,0.9434634710228612,0.9349829916762904,0.0110340440180863,0.2442097240711344
2019/5/15,Wednesday,0.1267420389561762,1.2041925629201848,0.429630458758815,0.9413542325269968,0.9325573674060464,0.0123444362702126,0.2534840779123524
2019/5/16,Thursday,0.1249817260011426,1.1737934361382507,0.4275686526898037,0.9367801488015088,0.9272971711217352,0.0129821119143731,0.2499634520022852
2019/5/17,Friday,0.1160272116494722,1.013277460092754,0.4191063566610269,0.8926611245822954,0.8765602932696397,0.0197331441209195,0.2320544232989444
2019/5/20,Monday,0.1254441165112123,1.1603284700256982,0.4313119171012299,0.9462481857365874,0.9381854135970756,0.0110000907783777,0.2508882330224246
2019/5/21,Tuesday,0.1318073068113933,1.1605632778578678,0.4309271423763832,0.946759483935818,0.9387734065261908,0.0120225054832377,0.2636146136227866
2019/5/22,Wednesday,0.1345141247380278,1.1017536486601152,0.4271920158237394,0.9407609916524878,0.931875140400361,0.013971523576306,0.2690282494760556
2019/5/23,Thursday,0.1294623000429939,1.099053019096284,0.4209677973296714,0.9411294038463014,0.9322988144232466,0.012854084952618,0.2589246000859878
2019/5/24,Friday,0.1175257329692713,0.9011084343714512,0.4150308382843677,0.9024906884059576,0.8878642916668511,0.01804106357257,0.2350514659385426
2019/5/28,Tuesday,0.1195227292130582,1.181700325536598,0.4340290293253381,0.9534272296608312,0.946441314109956,0.0085974783091676,0.2390454584261164
2019/5/29,Wednesday,0.1247036502168446,1.1094130945055192,0.4334099319056922,0.9469617346560264,0.9390059948544304,0.0106857037581421,0.2494073004336892
2019/5/30,Thursday,0.1184307360775252,1.078639035481848,0.4240788382365807,0.9418777540261865,0.9331594171301144,0.0105977233245212,0.2368614721550504
2019/5/31,Friday,0.1195658654374738,0.9124887386275846,0.4138193741114187,0.9150150008706645,0.902267251001264,0.0160657666640966,0.2391317308749476
2019/6/3,Monday,0.1231181160999339,1.105471568869849,0.4388332759514467,0.9628449809138596,0.9572717280509384,0.0071744071845149,0.2462362321998678
2019/6/4,Tuesday,0.1166132891742127,1.05806816814852,0.4260812090171071,0.9581580824951388,0.9518817948694096,0.0072613236752084,0.2332265783484254
2019/6/5,Wednesday,0.1077576866485268,1.0703099608279611,0.4261311889582981,0.9479973315270844,0.940196931256147,0.0077949573399541,0.2155153732970536
2019/6/6,Thursday,0.1228335266566073,0.967425163886376,0.4296869953170918,0.9499365247088712,0.9424270034152018,0.009661147487079,0.2456670533132146
2019/6/7,Friday,0.1120274034611398,0.8828553728244644,0.4222678077713264,0.927317494862434,0.916415119091799,0.0118748525810277,0.2240548069222796
2019/6/10,Monday,0.1081254934415709,1.0895917584140669,0.4363924705048509,0.9606916167289234,0.954795359238262,0.0058613944470653,0.2162509868831418
2019/6/11,Tuesday,0.1147028672475147,1.0452395160115515,0.4318995513448697,0.959568997081552,0.9535043466437848,0.0067726059103588,0.2294057344950294
2019/6/12,Wednesday,0.1206196222248559,1.023582235368731,0.430378153503659,0.9626899131163404,0.9570934000837914,0.0068785375078758,0.2412392444497118
2019/6/13,Thursday,0.1203216980700575,0.9146360294933368,0.4284405716146389,0.9585783370534584,0.9523650876114772,0.0075706337773605,0.240643396140115
2019/6/14,Friday,0.1103591284545161,0.8254367297348251,0.4193790318160416,0.9299562431170426,0.919449679584599,0.0110239548589572,0.2207182569090322
2019/6/17,Monday,0.1060439585715012,1.0285486197409437,0.4398612880325297,0.9644745805699008,0.9591457676553856,0.0050546466014866,0.2120879171430024
2019/6/18,Tuesday,0.1077614852152086,1.068105262339123,0.4351451746199656,0.964463178850752,0.9591326556783648,0.0052354684198407,0.2155229704304172
2019/6/19,Wednesday,0.1123175229987571,0.9771759819047554,0.4339539958638757,0.9640549003563904,0.9586631354098492,0.0057188968198318,0.2246350459975142
2019/6/20,Thursday,0.107802257980538,1.0050411419959884,0.4243359863407583,0.9647931737059916,0.9595121497618904,0.0051665536316481,0.215604515961076
2019/6/21,Friday,0.1065260330428644,0.7765333431982787,0.4249955169852126,0.921041684045524,0.9091979366523528,0.0116452447684444,0.2130520660857288
2019/6/24,Monday,0.1071762365329536,0.9929509716964744,0.4527259526228519,0.9618419542922624,0.9561182474361016,0.0055469712991305,0.2143524730659072
2019/6/25,Tuesday,0.120973793867194,1.0182085719481238,0.4561936796734209,0.9666720338094232,0.9616728388808368,0.0061527489674635,0.241947587734388
2019/6/26,Wednesday,0.1212061803594909,1.0087826731987906,0.4486868126955489,0.9663032644443448,0.9612487541109966,0.0062429800674647,0.2424123607189818
2019/6/27,Thursday,0.1149305434687557,0.963711014951597,0.4435166285051233,0.9642973720942188,0.9589419779083516,0.0059403154435884,0.2298610869375114
2019/6/28,Friday,0.1073833211520638,0.8238875027199399,0.4314336144766051,0.9241699133150018,0.912795400312252,0.011369042316738,0.2147666423041276
2019/7/1,Monday,0.1101249988401804,0.9829500906462332,0.4465389377589163,0.9757643935274984,0.9721290525566232,0.0036638938588458,0.2202499976803608
2019/7/2,Tuesday,0.111156296874202,0.9856567977109728,0.4452536474354614,0.9693644088887672,0.9647690702220822,0.004750669665433,0.222312593748404
2019/7/3,Wednesday,0.1052323542195822,0.8406348428249886,0.4333131803684812,0.9323960445614408,0.9222554512456568,0.0096606839223004,0.2104647084391644
2019/7/5,Friday,0.0757440003621262,0.6711939003739916,0.4331962422364815,0.9555090153094328,0.9488353676058476,0.0031710927195478,0.1514880007242524
2019/7/8,Monday,0.1105971386587167,1.021277511155179,0.4590270958590788,0.96880623532943,0.9641271706288445,0.0048036242020869,0.2211942773174334
2019/7/9,Tuesday,0.1216430390416207,1.063212574017966,0.4602490715538913,0.9697958462481224,0.9652652231853408,0.0056370952974612,0.2432860780832414
2019/7/10,Wednesday,0.1185995754593349,1.0264913856698163,0.4526908857337793,0.9709345842075594,0.9665747718386932,0.0051376112856533,0.2371991509186698
2019/7/11,Thursday,0.1144355847567769,0.9536325416892752,0.4530661043551637,0.9528615441927762,0.9457907758216928,0.0078630710453534,0.2288711695135538
2019/7/12,Friday,0.1093883477164753,0.8580863358652584,0.4450148437439816,0.940740541492168,0.9318516227159932,0.0090816727155141,0.2187766954329506
2019/7/15,Monday,0.1147986587510299,1.0434960455649034,0.4639463396921377,0.9724502914861376,0.9683178352090585,0.0045607951855212,0.2295973175020598
2019/7/16,Tuesday,0.1151382021629486,1.0835079693243326,0.4529815083145189,0.9715091451426592,0.967235516914058,0.0047617952876556,0.2302764043258972
2019/7/17,Wednesday,0.1150738264822863,1.0509421722920549,0.4574366124531986,0.9662794447595292,0.9612213614734586,0.0056478359470049,0.2301476529645726
2019/7/18,Thursday,0.115157962818433,0.9447015437832906,0.4540186473870338,0.9608271262935812,0.9549511952376184,0.0065578657937328,0.230315925636866
2019/7/19,Friday,0.1122440200314575,0.7905513849021815,0.4467973383603575,0.9257996127464376,0.9146695546584032,0.0121009986914381,0.224488040062915
2019/7/22,Monday,0.1088398477800592,1.0552053391284324,0.4639123003021473,0.9716290041165576,0.9673733547340412,0.0042287478823843,0.2176796955601184
2019/7/23,Tuesday,0.1188493325388282,0.9888995325949004,0.4554413974979566,0.9661980744463672,0.9611277856133222,0.0060133747015473,0.2376986650776564
2019/7/24,Wednesday,0.1235427062081461,0.9946703465233012,0.4580967058506908,0.967847131738319,0.9630242014990668,0.0061727321624518,0.2470854124162922
2019/7/25,Thursday,0.1269178210725156,0.9864999061931062,0.4598505437407262,0.9693117098055556,0.9647084662763888,0.0062048101274324,0.2538356421450312
2019/7/26,Friday,0.1180876315082418,0.8171784871959992,0.4459776143949471,0.9256562355758592,0.9145046709122382,0.013450309097849,0.2361752630164836
2019/7/29,Monday,0.1132859200904017,1.0936659518220704,0.464169040900516,0.9746459302399412,0.9708428197759322,0.0040917535007186,0.2265718401808034
2019/7/30,Tuesday,0.1246473720751324,1.062020159324127,0.4622732901680907,0.9746824808030854,0.9708848529235482,0.0049361033995996,0.2492947441502648
2019/7/31,Wednesday,0.1264585395258776,0.9939807101981112,0.4583819075908633,0.9653256527440882,0.9601245006557014,0.0069926127675005,0.2529170790517552
2019/8/1,Thursday,0.1214036130400883,1.007605919235885,0.4517394128035404,0.9720685693184962,0.9678788547162706,0.0051604939141059,0.2428072260801766
2019/8/2,Friday,0.1188199080455617,0.8197002251937362,0.4487567767229081,0.9267831261433818,0.915800595064889,0.0133976093017851,0.2376398160911234
2019/8/5,Monday,0.1163560538047628,1.1336741269413082,0.4644299606140484,0.9745304677406492,0.9707100379017464,0.0043474524416822,0.2327121076095256
2019/8/6,Tuesday,0.1244610690761893,1.0455142671363382,0.4657940925838437,0.9665032734141248,0.9614787644262434,0.0065590835865366,0.2489221381523786
2019/8/7,Wednesday,0.1234869783741307,1.078157326479059,0.4597887204782651,0.971353325416356,0.9670563242288092,0.0055063211998209,0.2469739567482614
2019/8/8,Thursday,0.1318270970953431,1.0172287373254836,0.4596143805170233,0.9678563489955488,0.9630348013448812,0.007037537443967,0.2636541941906862
2019/8/9,Friday,0.1171190577545185,0.8793322081115684,0.4407302480524351,0.9289752940712712,0.9183215881819616,0.0126566685918211,0.234238115509037
2019/8/12,Monday,0.1185176654072659,1.1357515999816543,0.4582909447940392,0.967225187988445,0.9623089661867118,0.0058487626319155,0.2370353308145318
2019/8/13,Tuesday,0.1272176959062281,1.1143875580588305,0.4576767375079711,0.9657745339131052,0.9606407140000712,0.0070386700202576,0.2544353918124562
2019/8/14,Wednesday,0.1266961779114892,1.1129253654965183,0.4524141774880542,0.9588979284030728,0.9527326176635338,0.0084430820343206,0.2533923558229784
2019/8/15,Thursday,0.131711618326818,1.0983737453382134,0.4479540954583214,0.9605870077694147,0.954675058934827,0.0087264505369801,0.263423236653636
2019/8/16,Friday,0.1214752257264771,0.9547422632267664,0.4358757099129981,0.9272778815478804,0.9163695637800624,0.0140472857281052,0.2429504514529542
2019/8/19,Monday,0.1290534286125205,1.1591855865181089,0.4577854194314587,0.9630792440454448,0.9575411306522614,0.0078564607746555,0.258106857225041
2019/8/20,Tuesday,0.1336877828952796,1.1971070212120478,0.4550254967655577,0.9610030471330908,0.9551535042030546,0.0089428172681795,0.2673755657905592
2019/8/21,Wednesday,0.1357087828762745,1.1482480844697849,0.4586648912891873,0.9560149230349956,0.9494171614902448,0.010419857305657,0.271417565752549
2019/8/22,Thursday,0.1406804024950771,1.1145827029073037,0.4538035007877735,0.957989675741425,0.9516881271026388,0.0106509802147398,0.2813608049901542
2019/8/23,Friday,0.1283877187916099,0.9722626336068112,0.4448635341526911,0.914363273759356,0.9015177648232594,0.0187633872837476,0.2567754375832198
2019/8/26,Monday,0.1341648187687094,1.2122403648119595,0.4571976894568822,0.9563157610246688,0.9497631251783692,0.0101467534474415,0.2683296375374188
2019/8/27,Tuesday,0.1445374598842588,1.1860597246937232,0.4614084549892813,0.9587936842841224,0.9526127369267406,0.0110644015747615,0.2890749197685176
2019/8/28,Wednesday,0.1496240796453506,1.172211150314907,0.4599742718669944,0.9541023937341396,0.9472177527942603,0.0132616132525139,0.2992481592907012
2019/8/29,Thursday,0.1480515145836608,1.135787283773656,0.450594972135067,0.9538465509102538,0.946923533546792,0.0130327926987305,0.2961030291673216
2019/8/30,Friday,0.1308397472563162,0.921113956195764,0.4420756076167109,0.8909231588563424,0.8745616326847938,0.0253764619542783,0.2616794945126324
2019/9/3,Tuesday,0.1410111944263435,1.1957921909787734,0.4501132402278398,0.9561128247394568,0.9495297484503752,0.0112535738348155,0.282022388852687
2019/9/4,Wednesday,0.1477347900913814,1.2041961561741112,0.4470327888322588,0.9528570225564594,0.9457855759399284,0.0133199071306324,0.2954695801827628
2019/9/5,Thursday,0.1531665430468472,1.1715380216028797,0.4465486148836401,0.9496831569646232,0.9421356305093168,0.0153053937553687,0.3063330860936944
2019/9/6,Friday,0.1357558069719296,1.0297488174127571,0.435662397866447,0.8949589454877496,0.8792027873109121,0.0263985128510544,0.2715116139438592
2019/9/9,Monday,0.1489640578914811,1.2628488956587758,0.4573100197000885,0.9501865008858412,0.9427144760187176,0.0143906713308635,0.2979281157829622
2019/9/10,Tuesday,0.1564057853764421,1.1892720537514143,0.4502980533410528,0.9501521124877552,0.9426749293609183,0.0158184143074998,0.3128115707528842
2019/9/11,Wednesday,0.149701524724116,1.2165739296150648,0.4472703424869218,0.9463678840319596,0.9383230666367536,0.0156761460870508,0.299403049448232
2019/9/12,Thursday,0.1485897734828458,1.1832447025911137,0.4456649294570574,0.9470336204118912,0.9390886634736748,0.0152151018166599,0.2971795469656916
2019/9/13,Friday,0.1384202822931973,1.005218741117328,0.4355459802672125,0.8921034871109546,0.8759190101775978,0.0282325231657802,0.2768405645863946
2019/9/16,Monday,0.1494371997615271,1.2061581491157785,0.4571924878539138,0.9497964526867796,0.9422659205897964,0.0145616932082166,0.2988743995230542
2019/9/17,Tuesday,0.1546655483189821,1.235145667771573,0.4548151793397211,0.9502653808835688,0.942805188016104,0.0154675428541138,0.3093310966379642
2019/9/18,Wednesday,0.1554578361583832,1.2133538925286929,0.4559798020131207,0.9522154390900216,0.945047754953525,0.014966788410677,0.3109156723167664
2019/9/19,Thursday,0.1542153647647443,1.134939723507441,0.4452391223575697,0.9464904984148186,0.9384640731770414,0.0165209154964219,0.3084307295294886
2019/9/20,Friday,0.1426386423443195,0.9862337389005796,0.4360106496377848,0.8929145385760527,0.8768517193624606,0.029686615050574,0.285277284688639
2019/9/23,Monday,0.1509424625131482,1.226155130008278,0.4578009768216052,0.9489601139852454,0.9413041310830322,0.0151326264132752,0.3018849250262964
2019/9/24,Tuesday,0.15981329178746,1.1955110479968416,0.4487102421374335,0.9511622543378006,0.9438365924884706,0.0161687005883125,0.31962658357492
2019/9/25,Wednesday,0.160313080539008,1.204807294968916,0.4530775212285575,0.947861643999136,0.9400408905990064,0.0174385536801907,0.320626161078016
2019/9/26,Thursday,0.1611142206065459,1.17292479167525,0.4470727861572987,0.9534165001738142,0.9464289751998864,0.0156182642967402,0.3222284412130918
2019/9/27,Friday,0.1435605764834925,1.0229606956393904,0.4386091614178069,0.8951904195501942,0.8794689824827233,0.0294345523654043,0.287121152966985
2019/9/30,Monday,0.1508367572116671,1.2198959776907252,0.4605815869817086,0.955561111687086,0.9488952784401488,0.0130621180428708,0.3016735144233342
2019/10/1,Tuesday,0.1504280733133845,1.2601509307488634,0.4498043144596355,0.955888384793434,0.9492716425124488,0.0129160819357007,0.300856146626769
2019/10/2,Wednesday,0.1591235640004463,1.1033036917456018,0.4444944901349531,0.9331865854444824,0.9231645732611548,0.0222323852045015,0.3182471280008926
2019/10/3,Thursday,0.1630002309187367,1.2094514522974265,0.4440237199328178,0.9511773877494588,0.9438539959118778,0.0168267508061032,0.3260004618374734
2019/10/4,Friday,0.145113616724239,0.9943736911984052,0.4230231426360367,0.8832474507031378,0.8657345683086085,0.0338860776707677,0.290227233448478
2019/10/7,Monday,0.1280338818794986,1.5744058657330575,0.4104570553624894,0.9297200007446264,0.9191780008563204,0.0154379244820903,0.2560677637589972
2019/10/8,Tuesday,0.1557141586528255,1.1979296723227708,0.439849743744254,0.9504297214345055,0.9429941796496816,0.0155941396921944,0.311428317305651
2019/10/9,Wednesday,0.1573685402837988,1.1682667420908712,0.4621781419370481,0.9481783067028992,0.9404050527083342,0.0166632608739527,0.3147370805675976
2019/10/10,Thursday,0.1649039436196976,1.2257924687621644,0.4474168864187258,0.9564537319205936,0.9499217917086824,0.015288715202081,0.3298078872393952
2019/10/11,Friday,0.1467459086345047,0.9761958816155524,0.44635523369036,0.9007547250391208,0.885867933794989,0.0288458585112124,0.2934918172690094
2019/10/15,Tuesday,0.1657504705837224,1.290044342335253,0.4490836877029143,0.955506342144568,0.9488322934662532,0.0158438844611993,0.3315009411674448
2019/10/16,Wednesday,0.1633175768161182,1.2160911383391848,0.4740969273788154,0.9476800158525112,0.939832018230388,0.0181753613417385,0.3266351536322364
2019/10/17,Thursday,0.1674867921049715,1.1720196015021895,0.4642047978196928,0.954899215457618,0.9481340977762606,0.0163147859270198,0.334973584209943
2019/10/18,Friday,0.1509244115813022,1.0056692895176411,0.4474962726284753,0.91125285798101,0.8979407866781614,0.0270275352843092,0.3018488231626044
2019/10/21,Monday,0.161065582908493,1.2581520859335205,0.4771228741242088,0.9532545667413728,0.9462427517525784,0.0157334426031543,0.322131165816986
2019/10/22,Tuesday,0.1700343857755924,1.2367453445586358,0.4732972124989004,0.9490235259005152,0.9413770547855924,0.0191875731117764,0.3400687715511848
2019/10/23,Wednesday,0.1707663942723879,1.2207512448456623,0.4690439913055533,0.9504262120729104,0.9429901438838468,0.0187780989300207,0.3415327885447758
2019/10/24,Thursday,0.1703452499860215,1.1836461818411237,0.4669039007244545,0.9504581275420516,0.9430268466733592,0.0186367894798565,0.340690499972043
2019/10/25,Friday,0.1536772765314044,1.0075165756094,0.456374758676969,0.903161542905378,0.8886357743411846,0.0308553691578878,0.3073545530628088
2019/10/28,Monday,0.1663254136895584,1.2647784550480647,0.4757229440968789,0.9504434429459376,0.9430099593878284,0.0178447037306424,0.3326508273791168
2019/10/29,Tuesday,0.1735394555222879,1.2498278093850352,0.4756485708822999,0.947704515358419,0.939860192662182,0.0205451722354701,0.3470789110445758
2019/10/30,Wednesday,0.1718210592536639,1.2337971071907885,0.4802575771002544,0.9442639747890028,0.9359035710073532,0.0215271886181009,0.3436421185073278
2019/10/31,Thursday,0.1661532624096479,1.1560542855392009,0.4736748313265355,0.9251865954773448,0.9139645847989464,0.027464343394784,0.3323065248192958
2019/11/1,Friday,0.1507851020212026,1.0441803468644395,0.4622624068768005,0.9092195366349544,0.8956024671301974,0.0277318036592013,0.3015702040424052
2019/11/4,Monday,0.1731894167036278,1.2857328189953403,0.4652091698271232,0.952806234211292,0.9457271693429856,0.0183963915910927,0.3463788334072556
2019/11/5,Tuesday,0.1747227633299321,1.281037312248618,0.4795780055713262,0.958650798333476,0.9524484180834972,0.0163015822185402,0.3494455266598642
2019/11/6,Wednesday,0.1774525997816505,1.281214217387157,0.4747448533552255,0.9506462195379364,0.9432431524686268,0.0202392110371952,0.354905199563301
2019/11/7,Thursday,0.1752748192653506,1.2336488200221445,0.4772118003786335,0.9489282844099306,0.94126752707142,0.0204256059817081,0.3505496385307012
2019/11/8,Friday,0.160332289525644,1.0825043175574491,0.4625876488706224,0.92163125958813,0.9098759485263492,0.0267714974912291,0.320664579051288
2019/11/12,Tuesday,0.1658371183559671,1.264173320863636,0.474043067483364,0.9535371058817348,0.9465676717639953,0.0165782128181521,0.3316742367119342
2019/11/13,Wednesday,0.1706048784164228,1.2745312860424094,0.4651786205550494,0.954390736093796,0.9475493465078656,0.0172152307232529,0.3412097568328456
2019/11/14,Thursday,0.1736426082430832,1.2195574767076138,0.4631061351042533,0.9528271282109856,0.9457511974426333,0.0184279889774218,0.3472852164861664
2019/11/15,Friday,0.1605760871332485,1.1066085623052968,0.4539372483099124,0.9273935111995965,0.9165025378795358,0.0247619600921314,0.321152174266497
2019/11/18,Monday,0.1707853537892296,1.2856587644477957,0.4695175630550378,0.955317814399135,0.9486154865590052,0.0168925938532234,0.3415707075784592
2019/11/19,Tuesday,0.1795112657890174,1.274401183833062,0.4719652336051246,0.9533374566014604,0.9463380750916796,0.0195211695897872,0.3590225315780348
2019/11/20,Wednesday,0.1861152258222708,1.2087677548887024,0.4718376099754062,0.9478125230033398,0.9399844014538408,0.0235318855465907,0.3722304516445416
2019/11/21,Thursday,0.1820709966263222,1.2574947366598836,0.4760647762056677,0.9507968021730528,0.9434163224990106,0.0212159344673264,0.3641419932526444
2019/11/22,Friday,0.1649652044455533,1.1058396016680565,0.4684314436821289,0.921731478619135,0.9099912004120052,0.0283438214717577,0.3299304088911066
2019/11/25,Monday,0.1491878432565722,1.231248621676546,0.4677355110533849,0.9615589189745072,0.9557927568206832,0.0109906850616632,0.2983756865131444
2019/11/26,Tuesday,0.1563979521016861,1.1690431094129827,0.4653081782808384,0.9617304149068078,0.955989977142829,0.0119835090282044,0.3127959042033722
2019/11/27,Wednesday,0.1189199061474247,1.0103997541210883,0.473677616610842,0.9568537256844228,0.950381784537086,0.0077718545496131,0.2378398122948494
2019/11/29,Friday,0.0843976769709269,0.7366273950702682,0.4722290362725628,0.9922840987095178,0.9911267135159456,0.0006609112378227,0.1687953539418538
2019/12/2,Monday,0.1563165238130577,1.2886995400050858,0.4686721128847697,0.9585432310496536,0.9523247157071018,0.0130875090775636,0.3126330476261154
2019/12/3,Tuesday,0.1694399675161175,1.2478534183639975,0.4626411907513611,0.9589737961950308,0.9528198656242854,0.0151833812499295,0.338879935032235
2019/12/4,Wednesday,0.1697672591965971,1.264110830886903,0.4530632015656336,0.9558156202920056,0.9491879633358066,0.0164818845803973,0.3395345183931942
2019/12/5,Thursday,0.1738708241969044,1.2019710417518614,0.452617985615549,0.955985630226217,0.9493834747601496,0.0171669264417149,0.3477416483938088
2019/12/6,Friday,0.1597994885362916,1.1156420194339385,0.4482507141327624,0.9317171516172752,0.9214747243598664,0.0229685653230103,0.3195989770725832
2019/12/9,Monday,0.1692923684906374,1.265293318607292,0.4671569126247425,0.9548117959207968,0.9480335653089164,0.0167806694699724,0.3385847369812748
2019/12/10,Tuesday,0.1696344626005053,1.262424234316684,0.4633264706932481,0.9551620256703364,0.9484363295208867,0.0167097027461168,0.3392689252010106
2019/12/11,Wednesday,0.1731604111043367,1.2300053239620847,0.46638178577388,0.9583466078214328,0.9520985989946475,0.0160966991494917,0.3463208222086734
2019/12/12,Thursday,0.16871924970845,1.2168866715996225,0.4537151006242424,0.9583262699682472,0.9520752104634842,0.0152794255856271,0.3374384994169
2019/12/13,Friday,0.1585462930227721,1.0774559366040743,0.448581589783361,0.93262972935733,0.9225241887609296,0.0222317459296348,0.3170925860455442
2019/12/16,Monday,0.1577730132784482,1.2957544717917566,0.4625389715035461,0.9599041501006146,0.9538897726157068,0.0128802952066232,0.3155460265568964
2019/12/17,Tuesday,0.1610888514569779,1.2322711698888411,0.4670156615611904,0.9547363193946508,0.9479467673038484,0.0151969768636973,0.3221777029139558
2019/12/18,Wednesday,0.1613583895498841,1.2629318978067718,0.4565553211041395,0.9577698271010764,0.9514353011662378,0.014201240876409,0.3227167790997682
2019/12/19,Thursday,0.1643103114637324,1.170813109025509,0.4537287792187833,0.9556717116810182,0.9490224684331708,0.0154193598001253,0.3286206229274648
2019/12/20,Friday,0.1446522313119304,1.0469974594162768,0.4499443103063352,0.9317268653926806,0.9214858952015826,0.0187340801970012,0.2893044626238608
2019/12/23,Monday,0.1196939678229243,0.9838867277848484,0.4653228658893846,0.9882860633214222,0.9865289728196356,0.0020656484940398,0.2393879356458486
2019/12/24,Tuesday,0.0942455475117597,0.5326902680551278,0.4832489235655071,0.9158771805915626,0.9032587576802972,0.0095836609850197,0.1884910950235194
2019/12/26,Thursday,0.1007167771526372,0.8969840475370204,0.486286893578338,0.9934410224858434,0.99245717585872,0.0008093794419159,0.2014335543052744
2019/12/27,Friday,0.0999262999622677,0.848545789262187,0.4587533743537956,0.9850711056149593,0.9828317714572032,0.0018219184617311,0.1998525999245354
2019/12/30,Monday,0.1039973936073509,1.0626537792802453,0.4723848119554177,0.9834638596989312,0.9809834386537708,0.0022243288620756,0.2079947872147018
2019/12/31,Tuesday,0.0863095717329679,0.8582183757316655,0.4621851066876968,0.9491862051370984,0.9511564135907664,0.0029402460869766,0.1726191434659358
